time,id
2025-11-02 00:42:48,1111
2025-11-02 01:45:56,111003
2025-11-02 01:49:34,1130003
2025-11-02 01:50:31,1130002
2025-11-02 01:51:46,1130005
2025-11-02 02:02:49,1130008
2025-11-02 02:43:18,1130007
2025-11-02 02:43:52,1130001
2025-11-02 02:47:42,1140002
2025-11-02 02:47:54,1140001
2025-11-02 02:48:02,1140002
2025-11-02 02:48:11,1120001
2025-11-02 11:01:22,1110002
2025-11-02 11:03:06,1110005
2025-11-02 12:41:21,1130001
2025-11-02 13:22:04,1130001
2025-11-02 13:28:05,1130001
2025-11-02 13:44:49,1110005
2025-11-02 15:22:24,1110002
2025-11-02 15:29:28,1100005
2025-11-02 15:30:18,1130005
2025-11-02 16:01:43,1110003
2025-11-02 16:03:00,1110004
2025-11-02 16:03:11,1110005
2025-11-02 16:22:03,1120005
2025-11-02 22:55:19,1140005
2025-11-02 22:55:30,1120003
